{
    "demo_wallet": 300,
    "demo_transactions": [
        {
            "Asset": "Tesla",
            "Symbol": "TSLA",
            "Buy Price": 426.010009765625,
            "Investment": 200,
            "Quantity": 0.4694725368308426
        }
    ]
}